STATION,STATION_NAME,DATE,PRCP,SNWD,SNOW,TAVG,TMAX,TMIN,AWND,WDF2,WDF5,WSF2,WSF5,WT01,WT06,WT02,WT04,WT08
GHCND:USW00094728,NY CITY CENTRAL PARK NY US,20170101,0.00,0.0,0.0,-9999,48,40,5.6,260,310,15.0,23.0,-9999,-9999,-9999,-9999,1
GHCND:USW00094728,NY CITY CENTRAL PARK NY US,20170102,0.21,0.0,0.0,-9999,41,37,9.2,70,70,17.0,25.1,1,-9999,-9999,1,-9999
GHCND:USW00094728,NY CITY CENTRAL PARK NY US,20170103,0.58,0.0,0.0,-9999,43,39,10.7,70,60,21.0,30.0,1,-9999,-9999,-9999,-9999
GHCND:USW00094728,NY CITY CENTRAL PARK NY US,20170104,0.00,0.0,0.0,-9999,52,34,8.1,280,290,23.9,36.0,1,-9999,-9999,-9999,1
GHCND:USW00094728,NY CITY CENTRAL PARK NY US,20170105,0.00,0.0,0.0,-9999,34,27,7.8,250,290,17.0,27.1,-9999,-9999,-9999,-9999,-9999
GHCND:USW00094728,NY CITY CENTRAL PARK NY US,20170106,0.05,1.2,1.2,-9999,33,25,4.7,360,20,10.1,16.1,1,-9999,-9999,-9999,1
GHCND:USW00094728,NY CITY CENTRAL PARK NY US,20170107,0.32,0.0,5.1,-9999,26,20,7.6,350,330,17.0,25.1,1,-9999,1,-9999,1
GHCND:USW00094728,NY CITY CENTRAL PARK NY US,20170108,0.00,3.9,0.0,-9999,25,16,8.7,290,280,18.1,30.0,-9999,-9999,-9999,-9999,-9999
GHCND:USW00094728,NY CITY CENTRAL PARK NY US,20170109,0.00,3.1,0.0,-9999,23,14,5.1,250,250,13.0,21.9,-9999,-9999,-9999,-9999,-9999
GHCND:USW00094728,NY CITY CENTRAL PARK NY US,20170110,0.00,3.1,0.0,-9999,46,21,4.7,180,170,14.1,23.9,-9999,-9999,-9999,-9999,-9999
GHCND:USW00094728,NY CITY CENTRAL PARK NY US,20170111,0.52,0.0,0.0,-9999,52,42,5.8,250,240,16.1,33.1,1,-9999,-9999,-9999,-9999
GHCND:USW00094728,NY CITY CENTRAL PARK NY US,20170112,0.05,0.0,0.0,-9999,66,47,7.6,250,250,16.1,23.9,1,-9999,-9999,-9999,-9999
GHCND:USW00094728,NY CITY CENTRAL PARK NY US,20170113,0.00,0.0,0.0,-9999,62,32,7.2,300,300,17.0,28.0,-9999,-9999,-9999,-9999,-9999
GHCND:USW00094728,NY CITY CENTRAL PARK NY US,20170114,0.12,0.0,0.6,-9999,34,28,4.3,280,60,8.9,12.1,1,-9999,1,-9999,-9999
GHCND:USW00094728,NY CITY CENTRAL PARK NY US,20170115,0.00,1.2,0.0,-9999,38,30,4.3,310,300,10.1,15.0,-9999,-9999,-9999,-9999,-9999
GHCND:USW00094728,NY CITY CENTRAL PARK NY US,20170116,0.00,0.0,0.0,-9999,43,30,4.7,250,250,13.0,19.0,-9999,-9999,-9999,-9999,-9999
GHCND:USW00094728,NY CITY CENTRAL PARK NY US,20170117,0.35,0.0,0.0,-9999,42,38,4.9,70,70,15.0,19.9,1,-9999,-9999,-9999,1
GHCND:USW00094728,NY CITY CENTRAL PARK NY US,20170118,0.06,0.0,0.0,-9999,41,38,5.8,60,60,14.1,19.0,1,-9999,-9999,-9999,-9999
GHCND:USW00094728,NY CITY CENTRAL PARK NY US,20170119,0.00,0.0,0.0,-9999,49,39,3.6,320,310,12.1,19.0,-9999,-9999,-9999,-9999,-9999
GHCND:USW00094728,NY CITY CENTRAL PARK NY US,20170120,0.10,0.0,0.0,-9999,45,40,4.0,60,110,10.1,14.1,1,-9999,-9999,-9999,-9999
GHCND:USW00094728,NY CITY CENTRAL PARK NY US,20170121,0.00,0.0,0.0,-9999,49,41,3.8,270,270,12.1,18.1,1,-9999,-9999,-9999,1
GHCND:USW00094728,NY CITY CENTRAL PARK NY US,20170122,0.05,0.0,0.0,-9999,48,43,6.7,60,50,21.0,33.1,1,-9999,1,-9999,1
GHCND:USW00094728,NY CITY CENTRAL PARK NY US,20170123,1.16,0.0,0.0,-9999,44,36,18.3,70,40,33.1,47.0,1,-9999,-9999,-9999,-9999
GHCND:USW00094728,NY CITY CENTRAL PARK NY US,20170124,1.18,0.0,0.0,-9999,38,35,10.1,50,50,23.9,36.0,1,-9999,-9999,-9999,-9999
GHCND:USW00094728,NY CITY CENTRAL PARK NY US,20170125,0.00,0.0,0.0,-9999,51,36,6.7,310,280,18.1,25.9,-9999,-9999,-9999,-9999,-9999
GHCND:USW00094728,NY CITY CENTRAL PARK NY US,20170126,0.02,0.0,0.0,-9999,56,43,6.7,290,270,21.0,38.0,-9999,-9999,-9999,-9999,-9999
GHCND:USW00094728,NY CITY CENTRAL PARK NY US,20170127,0.00,0.0,0.0,-9999,43,36,8.9,290,260,18.1,33.1,-9999,-9999,-9999,-9999,-9999
GHCND:USW00094728,NY CITY CENTRAL PARK NY US,20170128,0.00,0.0,0.0,-9999,39,34,7.8,270,260,16.1,27.1,-9999,-9999,-9999,-9999,-9999
GHCND:USW00094728,NY CITY CENTRAL PARK NY US,20170129,0.00,0.0,0.0,-9999,43,35,5.8,260,260,15.0,23.9,-9999,-9999,-9999,-9999,-9999
GHCND:USW00094728,NY CITY CENTRAL PARK NY US,20170130,0.00,0.0,0.0,-9999,37,30,6.3,310,330,15.0,21.9,-9999,-9999,-9999,-9999,-9999
GHCND:USW00094728,NY CITY CENTRAL PARK NY US,20170131,0.06,0.0,1.0,-9999,34,26,4.0,80,80,12.1,15.0,1,-9999,1,-9999,1
GHCND:USW00094728,NY CITY CENTRAL PARK NY US,20170201,0.00,0.0,0.0,-9999,47,33,5.8,260,250,16.1,25.9,-9999,-9999,-9999,-9999,-9999
GHCND:USW00094728,NY CITY CENTRAL PARK NY US,20170202,0.00,0.0,0.0,-9999,45,32,5.4,280,300,16.1,28.0,-9999,-9999,-9999,-9999,-9999
GHCND:USW00094728,NY CITY CENTRAL PARK NY US,20170203,0.00,0.0,0.0,-9999,33,26,6.7,310,310,17.0,29.1,-9999,-9999,-9999,-9999,-9999
GHCND:USW00094728,NY CITY CENTRAL PARK NY US,20170204,0.00,0.0,0.0,-9999,34,22,8.5,310,310,16.1,25.9,-9999,-9999,-9999,-9999,-9999
GHCND:USW00094728,NY CITY CENTRAL PARK NY US,20170205,0.00,0.0,0.0,-9999,43,31,7.2,230,240,16.1,28.0,-9999,-9999,-9999,-9999,-9999
GHCND:USW00094728,NY CITY CENTRAL PARK NY US,20170206,0.00,0.0,0.0,-9999,49,36,5.1,170,270,13.0,19.9,-9999,-9999,-9999,-9999,-9999
GHCND:USW00094728,NY CITY CENTRAL PARK NY US,20170207,0.27,0.0,0.0,-9999,42,36,6.7,60,70,15.0,21.0,1,-9999,-9999,-9999,1
GHCND:USW00094728,NY CITY CENTRAL PARK NY US,20170208,0.03,0.0,0.0,-9999,62,38,4.7,360,30,13.0,17.0,1,-9999,-9999,-9999,1
GHCND:USW00094728,NY CITY CENTRAL PARK NY US,20170209,1.16,2.0,9.4,-9999,44,19,12.3,310,320,23.0,36.9,1,-9999,1,-9999,1
GHCND:USW00094728,NY CITY CENTRAL PARK NY US,20170210,0.00,7.9,0.0,-9999,32,19,8.5,280,260,16.1,31.1,-9999,-9999,-9999,-9999,1
GHCND:USW00094728,NY CITY CENTRAL PARK NY US,20170211,0.00,5.1,0.0,-9999,48,30,4.0,240,240,13.0,19.9,-9999,-9999,-9999,-9999,-9999
GHCND:USW00094728,NY CITY CENTRAL PARK NY US,20170212,0.46,2.0,0.0,-9999,40,30,7.2,70,60,17.0,23.0,1,1,-9999,-9999,-9999
GHCND:USW00094728,NY CITY CENTRAL PARK NY US,20170213,0.02,2.0,0.0,-9999,39,31,12.3,310,310,28.0,48.1,1,-9999,-9999,-9999,-9999
GHCND:USW00094728,NY CITY CENTRAL PARK NY US,20170214,0.00,2.0,0.0,-9999,41,28,5.4,250,310,13.0,19.9,-9999,-9999,-9999,-9999,-9999
GHCND:USW00094728,NY CITY CENTRAL PARK NY US,20170215,0.00,0.0,0.0,-9999,47,35,6.5,280,280,18.1,29.1,-9999,-9999,-9999,-9999,-9999
GHCND:USW00094728,NY CITY CENTRAL PARK NY US,20170216,0.00,0.0,0.0,-9999,35,28,10.5,310,310,17.0,29.1,-9999,-9999,-9999,-9999,-9999
GHCND:USW00094728,NY CITY CENTRAL PARK NY US,20170217,0.00,0.0,0.0,-9999,41,26,8.5,290,290,16.1,28.0,-9999,-9999,-9999,-9999,-9999
GHCND:USW00094728,NY CITY CENTRAL PARK NY US,20170218,0.00,0.0,0.0,-9999,63,35,5.8,250,240,16.1,28.0,-9999,-9999,-9999,-9999,-9999
GHCND:USW00094728,NY CITY CENTRAL PARK NY US,20170219,0.00,0.0,0.0,-9999,65,53,5.6,270,330,14.1,21.9,-9999,-9999,-9999,-9999,-9999
GHCND:USW00094728,NY CITY CENTRAL PARK NY US,20170220,0.00,0.0,0.0,-9999,55,39,7.4,60,40,18.1,25.1,-9999,-9999,-9999,-9999,-9999
GHCND:USW00094728,NY CITY CENTRAL PARK NY US,20170221,0.00,0.0,0.0,-9999,47,34,5.8,170,240,14.1,21.9,-9999,-9999,-9999,-9999,-9999
GHCND:USW00094728,NY CITY CENTRAL PARK NY US,20170222,0.00,0.0,0.0,-9999,57,42,2.9,240,210,12.1,17.0,-9999,-9999,-9999,-9999,-9999
GHCND:USW00094728,NY CITY CENTRAL PARK NY US,20170223,0.00,0.0,0.0,-9999,65,44,3.6,240,240,13.0,19.9,1,-9999,-9999,-9999,1
GHCND:USW00094728,NY CITY CENTRAL PARK NY US,20170224,0.00,0.0,0.0,-9999,70,58,6.0,150,170,14.1,21.0,-9999,-9999,-9999,-9999,-9999
GHCND:USW00094728,NY CITY CENTRAL PARK NY US,20170225,0.54,0.0,0.0,-9999,63,44,6.7,190,200,19.9,28.0,1,-9999,-9999,-9999,-9999
GHCND:USW00094728,NY CITY CENTRAL PARK NY US,20170226,0.00,0.0,0.0,-9999,44,36,8.9,310,300,18.1,29.1,-9999,-9999,-9999,-9999,-9999
GHCND:USW00094728,NY CITY CENTRAL PARK NY US,20170227,0.00,0.0,0.0,-9999,54,35,5.6,250,250,16.1,25.9,-9999,-9999,-9999,-9999,-9999
GHCND:USW00094728,NY CITY CENTRAL PARK NY US,20170228,0.00,0.0,0.0,-9999,59,47,4.0,160,160,10.1,19.0,-9999,-9999,-9999,-9999,-9999
GHCND:USW00094728,NY CITY CENTRAL PARK NY US,20170301,0.12,0.0,0.0,-9999,70,54,6.0,250,260,16.1,31.1,1,-9999,-9999,-9999,1
GHCND:USW00094728,NY CITY CENTRAL PARK NY US,20170302,0.00,0.0,0.0,-9999,64,35,11.4,270,290,25.9,47.0,-9999,-9999,-9999,-9999,-9999
GHCND:USW00094728,NY CITY CENTRAL PARK NY US,20170303,0.00,0.0,0.0,-9999,39,24,8.3,310,300,18.1,35.1,-9999,-9999,-9999,-9999,-9999
GHCND:USW00094728,NY CITY CENTRAL PARK NY US,20170304,0.00,0.0,0.0,-9999,30,17,8.9,310,260,19.9,34.0,-9999,-9999,-9999,-9999,-9999
GHCND:USW00094728,NY CITY CENTRAL PARK NY US,20170305,0.00,0.0,0.0,-9999,37,14,5.4,350,300,14.1,23.0,-9999,-9999,-9999,-9999,-9999
GHCND:USW00094728,NY CITY CENTRAL PARK NY US,20170306,0.00,0.0,0.0,-9999,45,26,3.4,180,180,10.1,16.1,-9999,-9999,-9999,-9999,-9999
GHCND:USW00094728,NY CITY CENTRAL PARK NY US,20170307,0.10,0.0,0.0,-9999,56,42,4.3,160,160,13.0,19.9,1,-9999,-9999,-9999,-9999
GHCND:USW00094728,NY CITY CENTRAL PARK NY US,20170308,0.02,0.0,0.0,-9999,59,47,7.6,250,270,17.0,31.1,1,-9999,-9999,-9999,-9999
GHCND:USW00094728,NY CITY CENTRAL PARK NY US,20170309,0.00,0.0,0.0,-9999,61,47,8.7,280,270,23.0,38.9,-9999,-9999,-9999,-9999,-9999
GHCND:USW00094728,NY CITY CENTRAL PARK NY US,20170310,0.31,0.0,2.1,-9999,47,23,7.6,310,290,19.9,33.1,1,-9999,1,-9999,-9999
GHCND:USW00094728,NY CITY CENTRAL PARK NY US,20170311,0.00,1.2,0.0,-9999,29,17,9.6,290,330,18.1,32.0,-9999,-9999,-9999,-9999,-9999
GHCND:USW00094728,NY CITY CENTRAL PARK NY US,20170312,0.00,0.0,0.0,-9999,29,19,8.9,280,300,17.0,25.1,-9999,-9999,-9999,-9999,-9999
GHCND:USW00094728,NY CITY CENTRAL PARK NY US,20170313,0.00,0.0,0.0,-9999,36,20,4.5,170,180,14.1,21.9,-9999,-9999,-9999,-9999,-9999
GHCND:USW00094728,NY CITY CENTRAL PARK NY US,20170314,1.97,3.9,7.6,-9999,32,21,13.4,60,40,28.0,38.0,1,-9999,1,-9999,1
GHCND:USW00094728,NY CITY CENTRAL PARK NY US,20170315,0.00,5.9,0.0,-9999,26,20,11.6,280,290,21.0,36.0,-9999,-9999,-9999,-9999,1
GHCND:USW00094728,NY CITY CENTRAL PARK NY US,20170316,0.00,5.1,0.0,-9999,39,24,7.8,290,280,19.9,34.0,-9999,-9999,-9999,-9999,-9999
GHCND:USW00094728,NY CITY CENTRAL PARK NY US,20170317,0.00,3.9,0.0,-9999,47,29,6.5,280,290,15.0,21.9,-9999,-9999,-9999,-9999,-9999
GHCND:USW00094728,NY CITY CENTRAL PARK NY US,20170318,0.08,3.1,0.0,-9999,39,34,8.7,70,60,19.9,27.1,1,-9999,-9999,-9999,1
GHCND:USW00094728,NY CITY CENTRAL PARK NY US,20170319,0.00,3.1,0.0,-9999,47,34,8.3,60,70,18.1,29.1,-9999,-9999,-9999,-9999,-9999
GHCND:USW00094728,NY CITY CENTRAL PARK NY US,20170320,0.00,0.0,0.0,-9999,52,33,5.1,40,40,14.1,21.9,-9999,-9999,-9999,-9999,-9999
GHCND:USW00094728,NY CITY CENTRAL PARK NY US,20170321,0.00,0.0,0.0,-9999,59,42,4.0,270,270,13.0,18.1,-9999,-9999,-9999,-9999,-9999
GHCND:USW00094728,NY CITY CENTRAL PARK NY US,20170322,0.00,0.0,0.0,-9999,50,24,11.4,310,310,23.9,42.1,-9999,-9999,-9999,-9999,-9999
GHCND:USW00094728,NY CITY CENTRAL PARK NY US,20170323,0.00,0.0,0.0,-9999,42,23,4.9,310,310,13.0,17.0,-9999,-9999,-9999,-9999,-9999
GHCND:USW00094728,NY CITY CENTRAL PARK NY US,20170324,0.00,0.0,0.0,-9999,57,36,6.3,250,240,15.0,23.0,-9999,-9999,-9999,-9999,-9999
GHCND:USW00094728,NY CITY CENTRAL PARK NY US,20170325,0.01,0.0,0.0,-9999,62,42,6.7,30,260,16.1,23.9,1,-9999,-9999,-9999,-9999
GHCND:USW00094728,NY CITY CENTRAL PARK NY US,20170326,0.14,0.0,0.0,-9999,42,37,8.3,70,70,18.1,23.9,1,-9999,-9999,-9999,-9999
GHCND:USW00094728,NY CITY CENTRAL PARK NY US,20170327,0.26,0.0,0.0,-9999,53,37,4.3,60,50,12.1,17.0,1,-9999,-9999,-9999,1
GHCND:USW00094728,NY CITY CENTRAL PARK NY US,20170328,0.72,0.0,0.0,-9999,46,41,5.8,70,60,14.1,21.0,1,-9999,-9999,-9999,-9999
GHCND:USW00094728,NY CITY CENTRAL PARK NY US,20170329,0.00,0.0,0.0,-9999,60,42,7.8,30,40,18.1,27.1,1,-9999,-9999,-9999,-9999
GHCND:USW00094728,NY CITY CENTRAL PARK NY US,20170330,0.01,0.0,0.0,-9999,52,38,5.8,60,60,15.0,19.9,-9999,-9999,-9999,-9999,-9999
GHCND:USW00094728,NY CITY CENTRAL PARK NY US,20170331,1.51,0.0,0.0,-9999,43,37,10.3,70,60,25.9,40.9,1,-9999,-9999,-9999,-9999
GHCND:USW00094728,NY CITY CENTRAL PARK NY US,20170401,0.00,0.0,0.0,-9999,48,37,7.6,70,60,25.9,38.9,1,-9999,-9999,-9999,-9999
GHCND:USW00094728,NY CITY CENTRAL PARK NY US,20170402,0.00,0.0,0.0,-9999,63,40,5.4,290,310,14.1,23.9,-9999,-9999,-9999,-9999,-9999
GHCND:USW00094728,NY CITY CENTRAL PARK NY US,20170403,0.03,0.0,0.0,-9999,63,48,4.9,170,180,18.1,23.9,-9999,-9999,-9999,-9999,-9999
GHCND:USW00094728,NY CITY CENTRAL PARK NY US,20170404,1.18,0.0,0.0,-9999,51,45,6.9,80,90,18.1,25.1,1,-9999,-9999,-9999,-9999
GHCND:USW00094728,NY CITY CENTRAL PARK NY US,20170405,0.00,0.0,0.0,-9999,65,45,3.4,120,170,14.1,25.1,1,-9999,-9999,-9999,1
GHCND:USW00094728,NY CITY CENTRAL PARK NY US,20170406,0.73,0.0,0.0,-9999,53,40,9.2,60,70,21.9,30.0,1,-9999,-9999,-9999,-9999
GHCND:USW00094728,NY CITY CENTRAL PARK NY US,20170407,0.00,0.0,0.0,-9999,51,40,10.5,290,290,17.0,30.0,-9999,-9999,-9999,-9999,-9999
GHCND:USW00094728,NY CITY CENTRAL PARK NY US,20170408,0.00,0.0,0.0,-9999,57,40,8.3,310,300,17.0,28.0,-9999,-9999,-9999,-9999,-9999
GHCND:USW00094728,NY CITY CENTRAL PARK NY US,20170409,0.00,0.0,0.0,-9999,67,45,4.9,240,240,13.0,23.0,-9999,-9999,-9999,-9999,-9999
GHCND:USW00094728,NY CITY CENTRAL PARK NY US,20170410,0.00,0.0,0.0,-9999,74,53,6.0,160,230,13.0,19.9,-9999,-9999,-9999,-9999,-9999
GHCND:USW00094728,NY CITY CENTRAL PARK NY US,20170411,0.00,0.0,0.0,-9999,80,61,5.6,260,240,14.1,23.0,-9999,-9999,-9999,-9999,-9999
GHCND:USW00094728,NY CITY CENTRAL PARK NY US,20170412,0.02,0.0,0.0,-9999,76,58,2.9,40,300,10.1,21.0,-9999,-9999,-9999,-9999,-9999
GHCND:USW00094728,NY CITY CENTRAL PARK NY US,20170413,0.00,0.0,0.0,-9999,65,48,5.1,350,310,14.1,23.0,-9999,-9999,-9999,-9999,-9999
GHCND:USW00094728,NY CITY CENTRAL PARK NY US,20170414,0.00,0.0,0.0,-9999,66,48,3.8,180,180,10.1,18.1,-9999,-9999,-9999,-9999,-9999
GHCND:USW00094728,NY CITY CENTRAL PARK NY US,20170415,0.00,0.0,0.0,-9999,65,51,5.6,180,240,12.1,19.0,-9999,-9999,-9999,-9999,-9999
GHCND:USW00094728,NY CITY CENTRAL PARK NY US,20170416,0.00,0.0,0.0,-9999,87,59,7.4,310,310,21.0,36.9,-9999,-9999,-9999,-9999,-9999
GHCND:USW00094728,NY CITY CENTRAL PARK NY US,20170417,0.00,0.0,0.0,-9999,74,58,6.7,360,340,14.1,23.9,-9999,-9999,-9999,-9999,-9999
GHCND:USW00094728,NY CITY CENTRAL PARK NY US,20170418,0.00,0.0,0.0,-9999,65,47,6.9,170,170,15.0,23.9,-9999,-9999,-9999,-9999,-9999
GHCND:USW00094728,NY CITY CENTRAL PARK NY US,20170419,0.00,0.0,0.0,-9999,54,45,5.6,180,160,16.1,23.0,-9999,-9999,-9999,-9999,-9999
GHCND:USW00094728,NY CITY CENTRAL PARK NY US,20170420,0.17,0.0,0.0,-9999,66,50,4.0,140,150,13.0,19.9,1,-9999,-9999,-9999,1
GHCND:USW00094728,NY CITY CENTRAL PARK NY US,20170421,0.29,0.0,0.0,-9999,53,48,7.4,70,50,14.1,19.0,1,-9999,-9999,-9999,-9999
GHCND:USW00094728,NY CITY CENTRAL PARK NY US,20170422,0.11,0.0,0.0,-9999,57,49,3.6,20,310,10.1,16.1,1,-9999,-9999,-9999,-9999
GHCND:USW00094728,NY CITY CENTRAL PARK NY US,20170423,0.00,0.0,0.0,-9999,66,46,4.9,160,20,12.1,17.0,-9999,-9999,-9999,-9999,-9999
GHCND:USW00094728,NY CITY CENTRAL PARK NY US,20170424,0.00,0.0,0.0,-9999,60,48,3.6,60,60,10.1,14.1,-9999,-9999,-9999,-9999,-9999
GHCND:USW00094728,NY CITY CENTRAL PARK NY US,20170425,0.91,0.0,0.0,-9999,54,49,13.2,70,60,25.1,38.9,1,-9999,-9999,-9999,-9999
GHCND:USW00094728,NY CITY CENTRAL PARK NY US,20170426,0.34,0.0,0.0,-9999,60,53,4.9,70,60,18.1,23.9,1,-9999,-9999,-9999,-9999
GHCND:USW00094728,NY CITY CENTRAL PARK NY US,20170427,0.00,0.0,0.0,-9999,70,57,2.9,160,160,16.1,21.9,1,-9999,-9999,-9999,1
GHCND:USW00094728,NY CITY CENTRAL PARK NY US,20170428,0.00,0.0,0.0,-9999,85,58,3.1,210,190,12.1,19.0,1,-9999,-9999,-9999,1
GHCND:USW00094728,NY CITY CENTRAL PARK NY US,20170429,0.06,0.0,0.0,-9999,85,64,5.1,280,290,23.0,36.9,1,-9999,-9999,-9999,-9999
GHCND:USW00094728,NY CITY CENTRAL PARK NY US,20170430,0.00,0.0,0.0,-9999,67,52,6.7,80,150,14.1,21.9,-9999,-9999,-9999,-9999,-9999
GHCND:USW00094728,NY CITY CENTRAL PARK NY US,20170501,0.00,0.0,0.0,-9999,74,49,5.1,180,180,12.1,21.0,1,-9999,-9999,-9999,1
GHCND:USW00094728,NY CITY CENTRAL PARK NY US,20170502,0.00,0.0,0.0,-9999,75,62,7.8,270,240,19.9,32.0,1,-9999,-9999,-9999,-9999
GHCND:USW00094728,NY CITY CENTRAL PARK NY US,20170503,0.00,0.0,0.0,-9999,65,51,8.3,310,310,18.1,31.1,-9999,-9999,-9999,-9999,-9999
GHCND:USW00094728,NY CITY CENTRAL PARK NY US,20170504,0.00,0.0,0.0,-9999,64,47,5.4,170,160,13.0,21.9,-9999,-9999,-9999,-9999,-9999
GHCND:USW00094728,NY CITY CENTRAL PARK NY US,20170505,3.02,0.0,0.0,-9999,59,51,6.5,70,50,16.1,23.0,1,-9999,1,-9999,-9999
GHCND:USW00094728,NY CITY CENTRAL PARK NY US,20170506,0.18,0.0,0.0,-9999,67,52,6.0,180,170,15.0,25.9,1,-9999,-9999,-9999,-9999
GHCND:USW00094728,NY CITY CENTRAL PARK NY US,20170507,0.01,0.0,0.0,-9999,56,47,5.6,280,270,14.1,21.9,-9999,-9999,-9999,-9999,-9999
GHCND:USW00094728,NY CITY CENTRAL PARK NY US,20170508,0.00,0.0,0.0,-9999,57,44,5.8,290,290,15.0,25.9,-9999,-9999,-9999,-9999,-9999
GHCND:USW00094728,NY CITY CENTRAL PARK NY US,20170509,0.00,0.0,0.0,-9999,63,47,4.5,50,60,12.1,17.0,-9999,-9999,-9999,-9999,-9999
GHCND:USW00094728,NY CITY CENTRAL PARK NY US,20170510,0.00,0.0,0.0,-9999,63,49,3.4,330,-9999,6.9,-9999,-9999,-9999,-9999,-9999,-9999
GHCND:USW00094728,NY CITY CENTRAL PARK NY US,20170511,0.00,0.0,0.0,-9999,62,51,3.6,170,-9999,6.9,-9999,-9999,-9999,-9999,-9999,-9999
GHCND:USW00094728,NY CITY CENTRAL PARK NY US,20170512,0.00,0.0,0.0,-9999,65,48,4.0,80,160,12.1,17.0,-9999,-9999,-9999,-9999,-9999
GHCND:USW00094728,NY CITY CENTRAL PARK NY US,20170513,1.61,0.0,0.0,-9999,53,45,7.6,50,50,18.1,31.1,1,-9999,-9999,-9999,-9999
GHCND:USW00094728,NY CITY CENTRAL PARK NY US,20170514,0.02,0.0,0.0,-9999,67,46,5.4,310,290,15.0,30.0,-9999,-9999,-9999,-9999,-9999
GHCND:USW00094728,NY CITY CENTRAL PARK NY US,20170515,0.00,0.0,0.0,-9999,68,53,8.9,300,310,18.1,34.0,-9999,-9999,-9999,-9999,-9999
GHCND:USW00094728,NY CITY CENTRAL PARK NY US,20170516,0.00,0.0,0.0,-9999,79,56,4.3,300,290,12.1,18.1,-9999,-9999,-9999,-9999,1
GHCND:USW00094728,NY CITY CENTRAL PARK NY US,20170517,0.00,0.0,0.0,-9999,90,65,5.6,250,240,12.1,23.0,-9999,-9999,-9999,-9999,-9999
GHCND:USW00094728,NY CITY CENTRAL PARK NY US,20170518,0.00,0.0,0.0,-9999,92,75,5.6,250,200,14.1,23.0,-9999,-9999,-9999,-9999,-9999
GHCND:USW00094728,NY CITY CENTRAL PARK NY US,20170519,0.00,0.0,0.0,-9999,91,66,6.3,40,40,16.1,25.1,-9999,-9999,-9999,-9999,-9999
GHCND:USW00094728,NY CITY CENTRAL PARK NY US,20170520,0.01,0.0,0.0,-9999,65,55,4.0,60,60,16.1,23.0,-9999,-9999,-9999,-9999,1
GHCND:USW00094728,NY CITY CENTRAL PARK NY US,20170521,0.00,0.0,0.0,-9999,69,52,4.0,170,170,12.1,19.0,-9999,-9999,-9999,-9999,-9999
GHCND:USW00094728,NY CITY CENTRAL PARK NY US,20170522,0.59,0.0,0.0,-9999,61,53,2.7,140,140,10.1,16.1,1,-9999,-9999,-9999,-9999
GHCND:USW00094728,NY CITY CENTRAL PARK NY US,20170523,0.00,0.0,0.0,-9999,69,56,2.2,20,20,10.1,15.0,1,-9999,-9999,-9999,-9999
GHCND:USW00094728,NY CITY CENTRAL PARK NY US,20170524,0.04,0.0,0.0,-9999,69,56,4.9,60,80,14.1,19.0,1,-9999,-9999,-9999,-9999
GHCND:USW00094728,NY CITY CENTRAL PARK NY US,20170525,0.58,0.0,0.0,-9999,59,56,8.1,50,80,16.1,28.0,1,-9999,-9999,-9999,-9999
GHCND:USW00094728,NY CITY CENTRAL PARK NY US,20170526,0.10,0.0,0.0,-9999,73,56,4.9,290,270,16.1,25.1,1,-9999,-9999,-9999,-9999
GHCND:USW00094728,NY CITY CENTRAL PARK NY US,20170527,0.00,0.0,0.0,-9999,71,59,3.1,120,290,8.1,13.0,-9999,-9999,-9999,-9999,-9999
GHCND:USW00094728,NY CITY CENTRAL PARK NY US,20170528,0.00,0.0,0.0,-9999,71,58,4.5,160,170,12.1,21.0,1,-9999,-9999,-9999,1
GHCND:USW00094728,NY CITY CENTRAL PARK NY US,20170529,0.13,0.0,0.0,-9999,61,56,5.1,60,80,12.1,14.1,1,-9999,-9999,-9999,-9999
GHCND:USW00094728,NY CITY CENTRAL PARK NY US,20170530,0.06,0.0,0.0,-9999,60,55,2.7,160,150,12.1,17.0,1,-9999,-9999,-9999,-9999
GHCND:USW00094728,NY CITY CENTRAL PARK NY US,20170531,0.03,0.0,0.0,-9999,75,58,2.5,60,50,12.1,17.0,1,-9999,-9999,-9999,-9999
GHCND:USW00094728,NY CITY CENTRAL PARK NY US,20170601,0.00,0.0,0.0,-9999,79,59,3.8,280,270,13.0,21.9,-9999,-9999,-9999,-9999,-9999
GHCND:USW00094728,NY CITY CENTRAL PARK NY US,20170602,0.01,0.0,0.0,-9999,76,57,4.5,280,260,16.1,23.9,-9999,-9999,-9999,-9999,-9999
GHCND:USW00094728,NY CITY CENTRAL PARK NY US,20170603,0.01,0.0,0.0,-9999,73,55,3.6,300,320,13.0,23.9,-9999,-9999,-9999,-9999,-9999
GHCND:USW00094728,NY CITY CENTRAL PARK NY US,20170604,0.09,0.0,0.0,-9999,70,56,2.2,180,150,8.1,14.1,1,-9999,-9999,-9999,1
GHCND:USW00094728,NY CITY CENTRAL PARK NY US,20170605,0.02,0.0,0.0,-9999,67,58,4.9,70,60,16.1,21.9,1,-9999,-9999,-9999,1
GHCND:USW00094728,NY CITY CENTRAL PARK NY US,20170606,0.06,0.0,0.0,-9999,58,52,7.2,80,60,13.0,19.0,1,-9999,-9999,-9999,-9999
GHCND:USW00094728,NY CITY CENTRAL PARK NY US,20170607,0.00,0.0,0.0,-9999,67,51,3.4,50,60,12.1,17.0,-9999,-9999,-9999,-9999,-9999
GHCND:USW00094728,NY CITY CENTRAL PARK NY US,20170608,0.00,0.0,0.0,-9999,69,55,3.8,160,140,8.9,15.0,-9999,-9999,-9999,-9999,-9999
GHCND:USW00094728,NY CITY CENTRAL PARK NY US,20170609,0.00,0.0,0.0,-9999,80,53,4.7,280,300,13.0,21.0,-9999,-9999,-9999,-9999,-9999
GHCND:USW00094728,NY CITY CENTRAL PARK NY US,20170610,0.00,0.0,0.0,-9999,85,66,3.6,250,260,14.1,23.0,-9999,-9999,-9999,-9999,-9999
GHCND:USW00094728,NY CITY CENTRAL PARK NY US,20170611,0.00,0.0,0.0,-9999,90,72,5.1,270,270,14.1,25.9,-9999,-9999,-9999,-9999,-9999
GHCND:USW00094728,NY CITY CENTRAL PARK NY US,20170612,0.00,0.0,0.0,-9999,93,76,3.8,270,260,12.1,18.1,-9999,-9999,-9999,-9999,-9999
GHCND:USW00094728,NY CITY CENTRAL PARK NY US,20170613,0.00,0.0,0.0,-9999,94,77,3.1,250,250,10.1,19.9,-9999,-9999,-9999,-9999,-9999
GHCND:USW00094728,NY CITY CENTRAL PARK NY US,20170614,0.29,0.0,0.0,-9999,84,69,4.7,50,50,13.0,19.0,1,-9999,-9999,-9999,-9999
GHCND:USW00094728,NY CITY CENTRAL PARK NY US,20170615,0.00,0.0,0.0,-9999,76,64,4.3,170,160,12.1,19.0,-9999,-9999,-9999,-9999,-9999
GHCND:USW00094728,NY CITY CENTRAL PARK NY US,20170616,0.00,0.0,0.0,-9999,68,63,5.1,120,120,10.1,17.0,1,-9999,-9999,-9999,1
GHCND:USW00094728,NY CITY CENTRAL PARK NY US,20170617,1.39,0.0,0.0,-9999,74,66,2.2,170,140,6.9,11.0,1,-9999,-9999,-9999,1
GHCND:USW00094728,NY CITY CENTRAL PARK NY US,20170618,0.00,0.0,0.0,-9999,85,70,3.6,180,170,10.1,21.0,1,-9999,-9999,-9999,-9999
GHCND:USW00094728,NY CITY CENTRAL PARK NY US,20170619,1.35,0.0,0.0,-9999,88,70,3.8,250,290,13.0,34.0,1,-9999,1,-9999,1
GHCND:USW00094728,NY CITY CENTRAL PARK NY US,20170620,0.03,0.0,0.0,-9999,83,71,5.1,290,250,15.0,23.9,1,-9999,-9999,-9999,-9999
GHCND:USW00094728,NY CITY CENTRAL PARK NY US,20170621,0.00,0.0,0.0,-9999,83,71,4.7,270,270,13.0,23.0,-9999,-9999,-9999,-9999,-9999
GHCND:USW00094728,NY CITY CENTRAL PARK NY US,20170622,0.00,0.0,0.0,-9999,83,68,2.2,240,180,8.1,19.0,-9999,-9999,-9999,-9999,-9999
GHCND:USW00094728,NY CITY CENTRAL PARK NY US,20170623,0.04,0.0,0.0,-9999,83,76,4.9,240,270,15.0,25.9,1,-9999,-9999,-9999,-9999
GHCND:USW00094728,NY CITY CENTRAL PARK NY US,20170624,1.29,0.0,0.0,-9999,84,71,5.4,290,280,17.0,28.0,1,-9999,-9999,-9999,-9999
GHCND:USW00094728,NY CITY CENTRAL PARK NY US,20170625,0.00,0.0,0.0,-9999,83,68,2.5,350,280,12.1,21.9,-9999,-9999,-9999,-9999,-9999
GHCND:USW00094728,NY CITY CENTRAL PARK NY US,20170626,0.00,0.0,0.0,-9999,79,64,3.1,270,180,12.1,19.0,-9999,-9999,-9999,-9999,-9999
GHCND:USW00094728,NY CITY CENTRAL PARK NY US,20170627,0.18,0.0,0.0,-9999,77,60,3.6,290,290,12.1,19.9,1,-9999,-9999,-9999,-9999
GHCND:USW00094728,NY CITY CENTRAL PARK NY US,20170628,0.00,0.0,0.0,-9999,78,61,4.9,260,260,15.0,21.9,-9999,-9999,-9999,-9999,-9999
GHCND:USW00094728,NY CITY CENTRAL PARK NY US,20170629,0.00,0.0,0.0,-9999,82,68,5.4,240,240,12.1,21.9,-9999,-9999,-9999,-9999,-9999
GHCND:USW00094728,NY CITY CENTRAL PARK NY US,20170630,0.00,0.0,0.0,-9999,88,73,5.8,230,250,13.0,23.9,-9999,-9999,-9999,-9999,-9999
GHCND:USW00094728,NY CITY CENTRAL PARK NY US,20170701,0.23,0.0,0.0,-9999,85,71,4.0,260,200,14.1,23.9,1,-9999,-9999,-9999,1
GHCND:USW00094728,NY CITY CENTRAL PARK NY US,20170702,0.00,0.0,0.0,-9999,87,72,4.9,270,260,12.1,19.0,1,-9999,-9999,-9999,-9999
GHCND:USW00094728,NY CITY CENTRAL PARK NY US,20170703,0.45,0.0,0.0,-9999,88,71,1.8,340,20,16.1,27.1,1,-9999,-9999,-9999,1
GHCND:USW00094728,NY CITY CENTRAL PARK NY US,20170704,0.00,0.0,0.0,-9999,85,70,2.7,260,80,8.1,11.0,-9999,-9999,-9999,-9999,1
GHCND:USW00094728,NY CITY CENTRAL PARK NY US,20170705,0.00,0.0,0.0,-9999,85,70,4.9,160,180,12.1,19.0,-9999,-9999,-9999,-9999,-9999
GHCND:USW00094728,NY CITY CENTRAL PARK NY US,20170706,0.00,0.0,0.0,-9999,77,71,3.6,160,150,10.1,14.1,-9999,-9999,-9999,-9999,-9999
GHCND:USW00094728,NY CITY CENTRAL PARK NY US,20170707,1.78,0.0,0.0,-9999,80,68,5.4,70,310,14.1,21.9,1,-9999,1,-9999,-9999
GHCND:USW00094728,NY CITY CENTRAL PARK NY US,20170708,0.00,0.0,0.0,-9999,84,69,3.4,280,260,16.1,23.0,1,-9999,-9999,-9999,-9999
GHCND:USW00094728,NY CITY CENTRAL PARK NY US,20170709,0.00,0.0,0.0,-9999,81,67,3.6,270,290,12.1,17.0,-9999,-9999,-9999,-9999,-9999
GHCND:USW00094728,NY CITY CENTRAL PARK NY US,20170710,0.00,0.0,0.0,-9999,84,68,3.4,150,170,10.1,19.9,-9999,-9999,-9999,-9999,1
GHCND:USW00094728,NY CITY CENTRAL PARK NY US,20170711,0.00,0.0,0.0,-9999,85,75,3.1,260,260,13.0,21.9,-9999,-9999,-9999,-9999,-9999
GHCND:USW00094728,NY CITY CENTRAL PARK NY US,20170712,0.00,0.0,0.0,-9999,88,77,5.1,270,260,16.1,25.1,-9999,-9999,-9999,-9999,-9999
GHCND:USW00094728,NY CITY CENTRAL PARK NY US,20170713,0.00,0.0,0.0,-9999,90,73,4.9,260,270,14.1,21.9,-9999,-9999,-9999,-9999,-9999
GHCND:USW00094728,NY CITY CENTRAL PARK NY US,20170714,0.35,0.0,0.0,-9999,73,65,4.7,70,70,13.0,17.0,1,-9999,-9999,-9999,-9999
GHCND:USW00094728,NY CITY CENTRAL PARK NY US,20170715,0.00,0.0,0.0,-9999,84,68,3.4,280,290,12.1,17.0,1,-9999,-9999,-9999,-9999
GHCND:USW00094728,NY CITY CENTRAL PARK NY US,20170716,0.00,0.0,0.0,-9999,87,68,2.7,160,150,8.9,16.1,-9999,-9999,-9999,-9999,-9999
GHCND:USW00094728,NY CITY CENTRAL PARK NY US,20170717,0.00,0.0,0.0,-9999,85,73,2.7,160,170,12.1,21.0,-9999,-9999,-9999,-9999,-9999
GHCND:USW00094728,NY CITY CENTRAL PARK NY US,20170718,0.00,0.0,0.0,-9999,88,73,2.9,230,240,10.1,18.1,-9999,-9999,-9999,-9999,-9999
GHCND:USW00094728,NY CITY CENTRAL PARK NY US,20170719,0.00,0.0,0.0,-9999,92,77,3.1,280,280,12.1,16.1,-9999,-9999,-9999,-9999,-9999
GHCND:USW00094728,NY CITY CENTRAL PARK NY US,20170720,0.01,0.0,0.0,-9999,94,77,2.9,280,250,12.1,17.0,-9999,-9999,-9999,-9999,-9999
GHCND:USW00094728,NY CITY CENTRAL PARK NY US,20170721,0.00,0.0,0.0,-9999,92,76,3.8,280,260,10.1,18.1,-9999,-9999,-9999,-9999,-9999
GHCND:USW00094728,NY CITY CENTRAL PARK NY US,20170722,0.57,0.0,0.0,-9999,92,71,2.5,170,150,8.1,13.0,1,-9999,-9999,-9999,-9999
GHCND:USW00094728,NY CITY CENTRAL PARK NY US,20170723,0.06,0.0,0.0,-9999,79,71,2.7,150,160,10.1,17.0,1,-9999,-9999,-9999,1
GHCND:USW00094728,NY CITY CENTRAL PARK NY US,20170724,0.74,0.0,0.0,-9999,73,63,6.7,70,80,15.0,23.0,1,-9999,-9999,-9999,-9999
GHCND:USW00094728,NY CITY CENTRAL PARK NY US,20170725,0.00,0.0,0.0,-9999,71,62,5.1,60,60,10.1,14.1,-9999,-9999,-9999,-9999,-9999
GHCND:USW00094728,NY CITY CENTRAL PARK NY US,20170726,0.00,0.0,0.0,-9999,77,65,3.8,70,180,8.9,17.0,-9999,-9999,-9999,-9999,-9999
GHCND:USW00094728,NY CITY CENTRAL PARK NY US,20170727,0.00,0.0,0.0,-9999,78,65,2.5,260,240,8.9,17.0,-9999,-9999,-9999,-9999,-9999
GHCND:USW00094728,NY CITY CENTRAL PARK NY US,20170728,0.00,0.0,0.0,-9999,85,71,2.9,50,30,12.1,17.0,1,-9999,-9999,-9999,1
GHCND:USW00094728,NY CITY CENTRAL PARK NY US,20170729,0.00,0.0,0.0,-9999,77,67,9.4,60,60,17.0,25.1,-9999,-9999,-9999,-9999,-9999
GHCND:USW00094728,NY CITY CENTRAL PARK NY US,20170730,0.00,0.0,0.0,-9999,82,64,4.3,60,50,12.1,16.1,-9999,-9999,-9999,-9999,-9999
GHCND:USW00094728,NY CITY CENTRAL PARK NY US,20170731,0.00,0.0,0.0,-9999,88,66,2.0,70,260,8.9,14.1,-9999,-9999,-9999,-9999,-9999
GHCND:USW00094728,NY CITY CENTRAL PARK NY US,20170801,0.00,0.0,0.0,-9999,92,71,2.7,150,240,8.1,14.1,-9999,-9999,-9999,-9999,-9999
GHCND:USW00094728,NY CITY CENTRAL PARK NY US,20170802,0.09,0.0,0.0,-9999,86,69,1.6,310,320,12.1,19.0,1,-9999,-9999,-9999,1
GHCND:USW00094728,NY CITY CENTRAL PARK NY US,20170803,0.00,0.0,0.0,-9999,87,68,1.8,160,150,8.9,19.0,1,-9999,-9999,-9999,1
